1E+00,-4.6427649E-01,-5.5504787E-01,-8.428431E-01,-8.6589548E-01,-9.3639631E-01,-8.1726995E-01,-2.6361216E-01,-1.2580483E+00,-1.2503934E+00,-9.1830825E-01,-9.2210226E-01,-9.8448828E-01,-1.2880511E+00,-1.14346E+00,-1.0488611E+00,-3.6538582E-01,-6.913952E-01,-9.8055025E-01,-9.9133601E-01,-8.8708673E-01,-1.109881E+00,-7.687248E-01,-1.0102962E+00,-8.4699606E-01,-1.3277464E+00,-7.129093E-01,-1.2977275E+00,1.3314643E+00,9.357379E-01,1.2360468E+00,1.0560677E+00,9.1074495E-01,1.3713479E+00,9.3705876E-01,9.1029198E-01,9.3108664E-01,1.4937796E+00,1.3192656E+00,1.2190887E+00,9.4836262E-01,1.6902251E-01,9.7739879E-01,1.2301476E+00,5.7156683E-01,7.5134091E-01,9.6185121E-01,7.813122E-01,1.1044295E+00,1.0003177E+00,5.507251E-01,2.688748E-01,1.1255209E+00,1.0758635E+00,1.071738E+00,1.1544819E+00,7.5940186E-01,1.511864E-01,1.0202768E+00,1.2572739E+00,1.007149E+00,1.1624171E+00,8.2999734E-01,1.4850935E+00,1.1050903E+00,1.5393173E+00,1.1156157E+00,1.8913625E+00,1.3900586E+00,1.1566925E+00,1.5148579E+00,1.6335918E+00,8.102606E-01,6.7666423E-01,7.093935E-01,1.3614136E+00,1.3123797E+00,5.9160823E-01,8.3192841E-01,1.0970562E+00,9.6495583E-01,9.2592252E-01,1.236138E+00,1.1216699E+00,9.34699E-01,1.2165038E+00,-1.6066345E+00,-5.9477544E-01,-7.5663256E-01,-5.6605888E-01,-6.4849922E-01,-6.5649255E-01,-5.3225104E-01,-1.1504817E-01,-5.7315237E-01,-5.4118282E-01,-7.0008673E-01,-1.198927E+00,-9.5269931E-01,-9.9828204E-01,-8.2499015E-01,-3.8078029E-01,-4.7659767E-01,-6.0136144E-01,-3.6936332E-01,-1.2990449E+00,-9.1839479E-01,-1.2648127E+00,-9.9193767E-01,-8.0557657E-01,-9.209508E-01,-3.6623347E-01,-3.4636283E-01,-1.0469164E+00,-9.1466684E-01,-9.1156991E-01,-9.8677519E-01,-1.2189544E+00,-5.2962015E-01,-1.3310856E+00,-1.0837E+00,-1.0179615E+00,-9.1602872E-01,-1.1342892E+00,-9.2022369E-01,-7.893615E-01,-6.3870583E-01,-9.6366425E-01,-1.2451691E+00
1E+00,-8.9697208E-01,-6.8568553E-01,-1.3513818E+00,-1.4586668E+00,-1.1653456E+00,-1.4039293E+00,-1.8217996E+00,-8.3160109E-01,-1.0163124E+00,-8.035304E-01,-1.2595048E+00,-1.1392341E+00,-8.7865203E-01,-1.5487249E+00,-9.241581E-01,-1.3954822E+00,7.7660864E-01,1.1007268E+00,1.1898043E+00,3.7514764E-01,9.4718837E-01,8.037129E-01,1.1572852E+00,8.8679201E-01,1.0371525E+00,8.1501468E-01,7.9083989E-01,5.4121132E-01,8.5833113E-01,6.733739E-01,4.4458719E-01,-1.2183138E-01,9.1967102E-01,8.9427478E-01,8.0638547E-01,5.112767E-01,1.3442117E+00,5.2779297E-01,8.7990115E-01,4.6565962E-01,1.2067151E+00,1.1078581E+00,4.5690166E-01,1.1775873E+00,1.0002784E+00,4.7618669E-01,5.4943551E-02,4.4948949E-01,1.3881744E+00,9.6731215E-01,9.35913E-01,8.3772833E-01,9.1058116E-01,1.3660553E+00,1.0687999E+00,7.5227263E-01,5.7201394E-01,1.0940482E+00,6.4761495E-01,5.2963184E-01,4.9755932E-01,5.2642423E-01,1.1162464E+00,6.6113631E-01,1.2357508E+00,3.1843227E-01,8.3835116E-01,7.4050564E-01,2.0784929E-02,1.0730881E+00,5.8364943E-01,5.2286438E-01,7.6806246E-01,2.7951249E-02,5.3486554E-01,1.1600764E+00,6.7329933E-01,5.1511586E-01,7.3101048E-01,5.570519E-01,6.7391781E-01,7.3782329E-01,7.5758656E-01,6.1341014E-01,8.4436953E-01,2.3092281E-01,8.1072267E-01,4.6563657E-01,1.0585618E+00,1.0508045E+00,2.6099808E-01,5.2559198E-01,7.4542894E-01,1.2730537E+00,-1.4380408E+00,-1.0470122E+00,-1.2866546E+00,-1.4821578E+00,-1.5307109E+00,-7.8511009E-01,-9.609462E-01,-1.1873674E+00,-1.2784164E+00,-1.6042832E+00,-1.0709812E+00,-1.6754713E+00,-1.3659584E+00,-7.5949943E-01,-1.2358024E+00,-9.2424488E-01,-4.2304976E-01,-7.9458906E-01,-5.6249325E-01,-1.149179E+00,-1.5818938E+00,-1.776748E+00,-1.0813674E+00,-1.7331049E+00,-1.0625534E+00,-1.5686762E+00,-1.3640403E+00,-1.1551774E+00,-9.9586114E-01,-1.1637529E+00,-9.1652327E-01,-5.8209806E-01,-1.2590094E+00,-1.3925241E+00
1E+00,-4.6469596E-01,-5.6773891E-01,-3.2022764E-02,-6.3504562E-01,-6.0282554E-01,-2.6685628E-01,-2.6706128E-01,-9.310423E-01,-4.4938186E-01,-7.21342E-01,-3.9727192E-01,-9.6212589E-01,-1.4206669E+00,-7.8343411E-01,-4.6238569E-01,-1.1762238E+00,-5.0163816E-01,-5.84869E-01,-5.7916338E-01,-9.2129812E-01,-7.1637765E-01,-5.4778741E-01,-9.9084424E-01,-1.464663E-01,-7.2003478E-01,1.158976E+00,6.7671541E-01,1.4286689E+00,1.4453657E+00,1.3205576E+00,1.4358162E+00,1.6939661E+00,1.4803887E+00,1.4028043E+00,1.8014574E+00,1.5814726E+00,1.5377314E+00,1.3303783E+00,1.0161996E+00,1.4841267E+00,1.5328158E+00,1.0457726E+00,1.4242055E+00,1.0835608E+00,1.5208966E+00,1.2577513E+00,1.749913E+00,1.2473777E+00,1.0419142E+00,9.4787535E-01,1.0744766E+00,9.034059E-01,1.5118825E+00,1.3927594E+00,1.3001539E+00,8.3813719E-01,1.2572091E+00,1.2913822E+00,9.3309089E-01,1.1321494E+00,1.298867E+00,1.0872863E+00,8.8443021E-01,1.7116547E+00,1.8816051E+00,2.0142497E+00,1.3582739E+00,1.7428998E+00,-1.9463403E-01,-6.9161289E-01,-7.8410605E-01,-1.0456777E+00,-9.1260367E-01,-6.3809814E-01,-5.1336585E-01,-7.1901813E-01,-6.2510201E-01,-1.0947156E+00,-4.0827834E-01,-8.4970078E-01,-3.4610102E-01,-5.330766E-01,-2.9911195E-01,-9.5372887E-01,-1.016798E+00,-6.437622E-01,-1.8258826E-01,-5.9371171E-01,-9.5491166E-01,-8.3566602E-01,-6.8534801E-02,-9.9655287E-01,-5.7530227E-01,-8.7850965E-01,-5.7300108E-01,-1.3124475E+00,-7.6434711E-01,-1.298105E+00,-6.6551315E-01,-1.1346855E+00,-7.5601977E-01,-2.016297E-01,-5.2347124E-01,-5.4736059E-01,-6.4955961E-01,-5.0296123E-01,-1.0486008E+00,-4.2731485E-01,-5.2852383E-01,-3.7242231E-01,-5.3581141E-01,-1.0670652E+00,-2.7533836E-01,-1.2613407E+00,-6.4488319E-01,-6.4730097E-01,-6.1908114E-01,-1.5555533E+00,-2.8672132E-01,-6.3715759E-01,-1.5526015E-01,-6.8812931E-01,-8.8560876E-01,-7.6623926E-01,-8.6531525E-01,-2.844857E-01,-6.8788913E-01,-8.8760835E-01
3E+00,-1.8718975E-01,-6.2080772E-01,-8.156607E-01,-5.2139796E-01,-7.904229E-01,-9.6751744E-01,-1.4870063E+00,-2.7788714E-01,-8.3507474E-01,5.0591042E-02,-8.1116835E-01,-1.2260083E+00,-6.6836044E-01,-7.766806E-01,6.4061697E-02,-1.2536498E+00,-7.8899054E-01,-9.3422178E-01,-1.093595E+00,-6.0790424E-01,-7.0272797E-01,1.8322662E-02,2.9755749E+00,2.6772836E+00,2.3958002E+00,1.4215092E+00,1.977175E+00,2.5777637E+00,1.7979973E+00,2.0809778E+00,2.4283404E+00,2.0555506E+00,1.8967239E+00,1.5432423E+00,1.4445971E+00,1.8116056E+00,1.9956928E+00,1.2824535E+00,1.1622186E+00,6.3753639E-01,1.1706085E+00,1.9631356E+00,7.7109913E-01,1.3564084E+00,1.0688878E+00,9.6622252E-01,6.3150802E-01,1.3243248E+00,5.7754829E-01,6.1924619E-01,7.0973118E-01,7.1686112E-01,6.4235197E-02,7.860755E-01,4.293552E-01,-1.2929447E-01,2.6692621E-01,-2.2292191E-01,-5.2256375E-01,-1.557771E-01,-9.8339485E-01,-1.7329176E-01,-1.129916E-01,6.8609936E-02,6.2064246E-02,-9.8737725E-01,-1.5782312E-01,-8.7530832E-01,-6.6774572E-01,-7.5006786E-01,-6.4379824E-01,-2.2634059E-01,-1.0331616E+00,-1.097429E+00,-7.9633469E-02,-6.9675432E-01,-1.2881874E-01,-3.8258671E-01,-6.2352101E-01,8.2143312E-02,-6.0174991E-01,-8.0802295E-01,-6.8654657E-01,-7.5632934E-01,2.5401883E-01,1.6849676E-01,-8.9879383E-01,3.1496567E-01,-6.4039093E-01,5.4908869E-02,-1.0610227E+00,-1.1451285E-01,-4.2844578E-01,-2.2686661E-01,-5.4112199E-01,-5.3973069E-01,-1.4083218E-01,-1.0528451E+00,-3.1281577E-02,-2.9194234E-01,-3.3121468E-01,-8.4529663E-01,-3.2301285E-01,-1.7707148E+00,-3.5247098E-01,-8.0546958E-01,-1.1035997E+00,4.32535E-02,-1.4961907E-01,-1.1649553E-01,-3.0163771E-01,6.8454403E-01,-8.6974124E-01,-2.3256939E-01,-9.9145246E-02,-6.2664079E-01,-6.7594493E-01,-1.3114944E-01,-9.0861539E-01,-7.2628649E-01,1.8377755E-01,-7.3744409E-01,-1.1139967E+00,-3.9398661E-01,-5.878895E-01,-6.0823187E-01,-6.3646459E-01,-3.4902865E-01
2E+00,-1.1360166E+00,-1.3191953E+00,-1.8446238E+00,-7.8869178E-01,-2.517154E-01,-1.4876032E+00,-6.6876407E-01,-3.4036037E-01,-1.0463815E+00,-3.1221353E-01,-1.0314417E+00,-1.200578E+00,-6.5047603E-01,-1.6195842E+00,-4.1275132E-01,-1.0506705E+00,-1.1751243E+00,-4.2783798E-01,-1.2002837E+00,-5.8726538E-01,-1.1734667E+00,-3.1876559E-01,-1.7099666E+00,-1.6916216E+00,-1.0547829E+00,-1.3315449E+00,-6.8978191E-01,-7.4499051E-01,-9.8390993E-01,-1.191218E+00,-5.4900341E-01,5.8491821E-01,-5.9228439E-01,-7.627931E-01,-2.8296076E-01,-4.3538394E-01,1.2619921E-01,-3.2895937E-01,-1.4540955E+00,-5.2808624E-01,-9.0953766E-02,7.9060275E-02,-1.1441439E+00,-1.0339176E+00,-4.5585968E-01,-5.3545457E-01,-1.334809E-01,-2.3433913E-01,5.169767E-02,7.0200814E-01,2.3651687E-01,4.5185518E-01,-7.2237534E-01,-1.2432526E+00,4.6189042E-01,5.3188484E-01,3.6115854E-01,3.5405192E-02,3.1540263E-01,5.3942624E-01,1.8157946E-01,-3.8117853E-01,-3.8683201E-02,5.8428663E-01,-3.2397229E-01,2.8542624E-02,-1.1024854E-01,-9.0853585E-02,3.4444066E-01,2.9367315E-01,7.6985943E-01,4.6189843E-01,2.5674241E-01,1.1647008E+00,6.1771557E-01,-2.402001E-01,6.7361208E-01,2.0979055E-01,7.5110981E-01,1.0555208E+00,-1.9858418E-02,4.1397862E-01,9.5529261E-01,3.0307209E-01,2.2678269E-01,1.2696688E+00,1.0237819E+00,6.1068148E-01,6.2766564E-01,8.0483652E-01,1.2576258E+00,2.7824332E-01,1.0116593E+00,9.481706E-01,1.3131494E+00,1.0568914E+00,8.6802673E-01,6.7285114E-01,1.1699006E+00,2.1533316E+00,1.7303024E+00,1.7757813E+00,1.3131522E+00,1.7217679E+00,1.3942813E+00,1.6833179E+00,1.6204521E+00,1.0843436E+00,1.2366574E+00,1.5008807E+00,1.2621757E+00,1.4077033E+00,1.0258798E+00,1.9108007E+00,1.5197333E+00,1.5488365E+00,1.8204821E+00,-1.5965186E+00,-1.182911E+00,-1.0735136E+00,-1.6113624E+00,-1.0643404E+00,-9.7073635E-01,-8.2728087E-01,-9.5353773E-01,-1.2701854E+00,-1.7427579E+00,-9.2594391E-01
2E+00,-5.6870868E-01,-8.8811805E-01,-4.7976584E-02,-3.8036109E-02,-4.8306827E-01,-1.0946887E+00,-9.5345287E-01,-3.0006881E-02,-7.9545456E-01,-5.1445458E-01,-7.1876142E-01,-5.1627228E-01,-1.0740292E+00,-4.3143528E-01,-7.0491401E-01,8.1199243E-02,-1.8071334E-01,-4.1380542E-01,-1.2541398E+00,6.2861272E-01,1.0925689E-01,-4.0352451E-01,2.9848983E-01,-1.0170097E+00,1.060293E-01,-3.2393784E-01,-8.8263273E-01,-7.8209774E-02,-4.7673375E-01,3.0925792E-01,-6.8720484E-01,-4.7918279E-02,4.3894441E-02,-2.4588905E-01,1.4838271E+00,4.7106999E-01,-2.2834216E-01,6.2188246E-01,8.5074754E-01,4.4598501E-01,6.7410028E-01,4.381375E-01,1.3025001E+00,1.5158618E+00,1.0840099E+00,5.290753E-01,1.0051872E+00,1.2504343E+00,1.8793513E+00,1.2464359E+00,9.7652281E-01,1.0508488E+00,1.7077134E+00,7.7998733E-01,8.08501E-01,1.9589051E+00,2.5223094E+00,1.6504349E+00,1.9575071E+00,1.9149208E+00,1.9881925E+00,2.3885283E+00,2.6563402E+00,3.2445649E+00,2.5338502E+00,2.2126811E+00,-5.0017997E-01,1.3632626E-01,-1.441732E-01,1.0614366E-01,-8.6865892E-02,-1.2128345E+00,5.2023116E-02,2.8845924E-01,-1.779425E+00,-5.1452533E-01,-6.1662303E-01,-1.0129302E+00,1.2700365E-01,-9.401846E-01,-5.7215784E-01,-4.926672E-01,-1.154128E+00,-5.546875E-01,-1.4167936E+00,-7.2366355E-01,-4.996501E-01,-1.5871588E-01,-2.1429563E-02,-1.1397757E-01,-1.606342E+00,-4.3054809E-01,-5.4970458E-02,-1.4477832E+00,4.0901319E-02,-1.2090535E+00,-6.6597733E-01,1.7587064E-01,-1.07419E+00,-1.1357511E+00,-8.5132687E-01,-4.7887339E-01,-1.2767027E+00,1.9725047E-02,-3.69314E-01,-8.2186455E-01,-8.0150441E-01,-1.7233083E-01,-6.0426942E-01,-4.4592446E-01,-4.4231209E-01,5.5312883E-03,-9.6598956E-01,-7.8308797E-02,-5.3922905E-01,-6.0782592E-01,2.9041713E-02,4.3836515E-02,-9.9073975E-01,5.1837462E-01,-2.2856277E-01,-5.6528868E-01,-6.4299796E-01,-1.1094278E+00,-1.0109322E-01,-2.3394901E-01,-6.1982693E-01,-8.3061887E-02
1E+00,-9.6583857E-01,-1.6445832E+00,-1.8059354E+00,-1.4996576E+00,-9.2008793E-01,-1.1157058E+00,-6.5019532E-01,-9.1876634E-01,-1.234708E+00,-7.65662E-01,-1.2495334E+00,-1.7374618E+00,-1.5279887E+00,-7.9232916E-02,-1.7740892E+00,-1.4501069E+00,-9.725906E-01,-1.1061039E+00,-5.8549992E-01,6.5617666E-01,9.4089133E-01,1.2330073E-01,9.4435084E-01,9.6544329E-01,6.5410243E-01,1.1691103E+00,1.2845549E+00,3.4596186E-01,7.3807776E-01,2.7179429E-01,7.2811836E-01,7.9492296E-01,1.0091565E+00,7.691433E-01,1.1298219E+00,1.3305917E+00,8.2651334E-01,3.7205588E-01,9.8891143E-01,8.7252551E-01,7.3939406E-01,6.0514628E-01,9.9366561E-01,9.3322375E-01,1.4217209E+00,1.3159995E+00,1.2065395E+00,1.1228118E+00,7.358093E-01,5.1280187E-01,8.5147774E-01,5.1404509E-01,2.0156864E-01,1.6538373E+00,1.036961E+00,1.1578274E+00,7.0534037E-01,9.8197564E-01,6.789268E-01,5.9665527E-01,1.3834939E+00,1.0100946E+00,6.4604429E-01,6.9310586E-01,4.970414E-01,7.2706147E-01,6.1521183E-01,1.4007762E+00,8.6912179E-01,6.3835202E-01,8.6642328E-01,6.384956E-01,7.0404453E-01,1.1363315E+00,1.2837752E+00,3.864867E-01,7.1874969E-01,7.1997736E-01,3.7895821E-01,4.9499763E-01,7.687245E-01,1.1050209E+00,6.9508478E-01,1.2433819E+00,6.0760536E-01,9.0821337E-01,7.0483591E-01,1.2331982E+00,8.8166856E-01,7.9020946E-01,-1.3857184E+00,-1.1628863E+00,-1.6174729E+00,-8.3018522E-01,-7.5270226E-01,-1.3356085E+00,-5.6848558E-01,-1.0947592E+00,-8.1530256E-01,-8.3135334E-01,-7.6034898E-01,-1.4364913E+00,-7.9126424E-01,-8.9178136E-01,-1.7557683E+00,-9.8050679E-01,-1.3844787E+00,-9.1328611E-01,-1.321919E+00,-9.8416647E-01,-8.4501669E-01,-3.7496782E-01,-5.0818539E-01,-8.9320976E-01,-1.2363849E+00,-8.3926403E-01,-7.4595696E-01,-7.7100499E-01,-1.0725346E+00,-1.0630339E+00,-1.3165634E+00,-7.357389E-01,-1.0521517E+00,-9.6046486E-01,-1.1335659E+00,-6.1034365E-01,-1.1652195E+00,-6.8589892E-01
3E+00,-2.6430177E-01,-2.9092547E-01,-5.9856716E-01,-5.1886312E-01,-4.8859389E-01,-4.0709142E-01,-1.0714885E+00,-1.0957057E+00,-5.8450283E-01,-1.0579088E+00,-1.2733656E+00,-5.4356665E-01,-7.1343161E-01,-7.0303256E-01,-7.4443222E-01,1.9816132E+00,1.6268814E+00,1.8749989E+00,2.4378736E+00,1.4256901E+00,1.6729608E+00,1.6064739E+00,1.9180064E+00,1.6707558E+00,2.5869829E+00,2.8834608E+00,1.6354691E+00,8.7473842E-01,1.921256E+00,1.0056443E+00,1.594676E+00,1.7274531E+00,1.5024944E+00,1.9561263E+00,1.0552201E+00,1.0246788E+00,6.5256714E-01,5.9614373E-01,1.6412489E+00,4.5529184E-01,1.6680644E+00,1.4892405E+00,5.727659E-01,1.0415091E+00,5.0031883E-01,3.3889612E-01,5.2844496E-01,-6.1851504E-01,1.4136337E-01,9.6112478E-01,4.253932E-01,2.4802186E-01,9.2684596E-01,-7.0188438E-02,3.6451597E-01,-4.7655087E-01,6.2904738E-01,9.0695739E-01,-9.6148713E-02,-7.7196287E-01,-4.8605278E-02,-3.4020231E-01,-4.6102363E-01,-7.7281108E-01,-2.4257945E-01,1.5549482E-01,-2.5178655E-01,-3.0365765E-01,4.3418061E-01,-6.9933904E-01,-6.1802117E-01,3.7750898E-01,-1.3355021E+00,-3.697338E-01,-5.588992E-01,-2.1277602E-01,-9.1734999E-01,-8.208569E-01,-5.5675262E-01,2.3776249E-01,-2.5729069E-01,-7.700356E-01,-1.2469113E-01,-2.7058094E-01,-7.3298115E-01,-2.2955199E+00,-5.2340239E-01,-5.4268575E-01,-7.2565473E-01,-2.7888823E-01,-5.8308652E-01,-9.2216736E-01,-6.5728573E-01,-4.9785969E-01,-5.3204225E-01,-3.3290734E-01,-1.346463E+00,-2.5208281E-01,-1.863708E-03,-1.1735002E+00,-8.4336973E-02,-1.7855893E-01,-2.6426014E-01,-5.5089842E-01,-8.3157774E-01,-3.8986338E-01,-9.1872075E-01,-6.140899E-01,-3.6568329E-01,-1.3958669E+00,-1.3833928E+00,-2.2620111E-01,1.9321364E-01,-4.9249554E-01,-1.1573979E+00,-7.7052701E-01,-8.282208E-01,-8.3609388E-01,-1.1660852E+00,-1.9188009E-01,-1.2291072E-01,-7.0074636E-01,-5.8787039E-01,-7.6991747E-01,1.9209267E-01,-1.4431544E+00,-1.0394812E+00,-6.3120869E-01
2E+00,-8.0371556E-01,-4.8160532E-02,-1.2992782E+00,-1.0722798E+00,-1.004018E+00,-5.1145233E-01,-1.1732155E+00,-4.2206193E-01,-7.7931962E-01,-1.0305855E+00,-9.3986722E-01,-3.1624486E-01,-1.0157915E+00,-8.3954942E-01,-8.8175329E-01,-5.2385893E-01,-1.4943161E+00,-9.7704229E-01,-1.1854062E+00,-5.3754605E-01,-9.0970421E-01,-9.9280885E-01,-1.4404907E-01,-4.1761158E-01,-9.2892552E-01,-9.8542965E-01,-7.4808792E-01,-1.1212723E+00,-5.9163954E-01,-5.7610482E-01,-3.4304568E-01,-1.9215621E-01,-6.3897524E-01,5.817203E-02,3.9465613E-01,1.4286705E-01,-7.212354E-01,-4.7093988E-01,-5.0914576E-01,6.2108359E-01,3.1205825E-01,-6.4008943E-01,1.2299694E-01,-3.7004147E-01,2.2541113E-01,-3.3374307E-01,-2.3195265E-01,1.92395E-01,8.3494802E-01,8.0722088E-01,4.1289603E-01,5.3196335E-01,6.6785425E-02,4.7771411E-01,8.4441627E-01,-1.1677841E-01,1.6858442E+00,-9.2232764E-02,1.4620247E+00,5.8319725E-01,7.6024985E-01,8.9615231E-01,1.0448882E+00,1.5225677E+00,1.3318418E-01,8.5029089E-01,1.1278408E+00,5.7158159E-01,1.2333739E+00,9.3537058E-01,1.0485428E-01,1.6569312E+00,1.4805752E+00,1.217933E+00,1.6881445E+00,1.3160911E+00,1.1768394E+00,7.5154982E-01,1.6960512E+00,1.2029986E+00,2.2688814E+00,1.5618377E+00,1.1802266E+00,1.507661E+00,1.574161E+00,2.2195771E+00,1.9527089E+00,1.5847928E+00,1.400484E+00,2.4219723E+00,1.9790782E+00,1.5745662E+00,1.8392649E+00,-3.9215454E-01,-6.2550815E-01,-1.3916833E+00,-6.0842231E-01,-7.6520138E-01,-9.2756696E-01,-1.0459406E+00,-8.9982213E-01,7.9994621E-03,-1.0655061E+00,-2.5011661E-01,-5.5861856E-01,-6.5189897E-01,2.8629425E-02,-8.123752E-01,-7.9399811E-01,-1.0074848E+00,-7.2315972E-01,-6.2681193E-01,-4.8690741E-01,-2.7488328E-01,-7.6919638E-01,-9.236149E-01,-1.1266212E+00,-5.4434835E-02,-1.8488276E+00,-5.4943211E-01,-9.6826931E-01,-3.5398297E-01,-5.9589164E-01,-6.0619449E-01,-8.6444414E-01,-7.0619191E-01,-1.3886558E+00,-6.5071018E-01
1E+00,-1.1864222E+00,-8.9319697E-01,-9.7773692E-01,-6.3410927E-01,-1.3848198E+00,-1.2719261E+00,-1.2121711E+00,-1.4527917E+00,-9.3441701E-01,-1.1184247E+00,-1.2555297E+00,-5.5306942E-01,-8.4833881E-01,-5.9113391E-01,-9.5791379E-01,-1.1294229E+00,-9.333856E-01,-5.8903566E-01,-5.8371528E-01,-1.1014271E+00,9.5476609E-01,4.677592E-01,7.0443666E-01,5.7508016E-01,7.102151E-01,9.1155929E-01,1.2105112E+00,3.6599212E-01,9.0830843E-01,8.7728523E-01,1.1673055E+00,6.3502291E-01,6.9802271E-01,1.0381243E+00,1.241403E+00,1.1632207E+00,1.5124796E+00,8.1784859E-01,6.6386613E-01,1.7044564E+00,7.5935581E-01,7.499706E-01,8.3270427E-01,1.2227109E+00,9.0232881E-01,1.1781278E+00,5.4886681E-01,5.6644203E-01,7.6870242E-01,1.0623493E+00,1.8623487E-01,-1.1948312E-01,9.5585314E-01,5.1158409E-01,1.462712E+00,1.1588606E+00,7.5850279E-01,4.5966952E-01,9.8474029E-01,8.0175065E-01,1.7173295E+00,9.307224E-01,1.0411007E+00,1.4962874E+00,1.2666155E+00,7.3145943E-01,1.0237892E+00,9.3556412E-01,3.9382371E-01,1.1901373E+00,8.5285641E-01,8.9362806E-01,3.5903731E-01,3.5618625E-01,8.6502129E-01,7.4456223E-01,1.5008393E+00,1.4479109E+00,4.9838391E-01,4.3684546E-01,9.3109738E-01,9.0552032E-01,5.5607449E-01,9.899975E-01,8.946919E-01,1.5009818E+00,7.706914E-01,7.5863546E-01,-1.1436141E+00,-1.0805613E+00,-9.5205716E-01,-1.2515097E+00,-9.1261756E-01,-1.0911168E+00,-8.2779204E-01,-1.0440469E+00,-6.5014E-01,-1.0914775E+00,-3.1658968E-01,-4.31276E-01,-7.7623122E-01,-1.2922831E+00,-1.4572163E+00,-1.0416015E+00,-1.1288245E+00,-7.7138566E-01,-9.1691058E-01,-6.1768064E-01,-3.3805487E-01,-7.9184475E-01,-1.0550173E+00,-1.5572912E+00,-1.3470454E+00,-1.4064534E+00,-1.2348963E+00,-1.1200534E+00,-7.2825908E-01,-1.1416243E+00,-8.5689341E-01,-1.217625E+00,-8.2365374E-01,-1.2804516E+00,-1.589396E+00,-9.9829383E-01,-8.1079982E-01,-9.8159057E-01,-1.2784443E+00,-1.1078289E+00
2E+00,-6.5330839E-01,-1.2951848E+00,-4.5738382E-01,-1.0920364E+00,-1.6823461E+00,-4.6181073E-01,-9.9362417E-02,-8.3480913E-01,-6.3588089E-01,-1.0005826E+00,-7.0228705E-01,-1.2797759E+00,-4.4286476E-01,-3.440623E-01,-2.339989E-01,1.510754E-01,-1.1041234E+00,-3.9498416E-01,-4.3615021E-01,-3.4559941E-01,-2.8136512E-01,-1.5286384E+00,-3.2386013E-01,-4.9352715E-02,-3.7726411E-01,-7.631592E-01,-1.0340353E+00,-3.3223679E-01,-2.8020547E-01,-1.3788494E-01,2.461653E-01,4.2816063E-01,-8.9478177E-02,4.907572E-01,6.713313E-01,4.1295809E-01,3.7913856E-01,2.7176294E-01,3.0765932E-01,1.1743034E-01,5.5011384E-01,6.1144087E-01,1.6105665E-01,1.8432944E-01,4.2309098E-01,3.6570259E-01,-1.1906285E-01,8.5993058E-01,1.082336E+00,1.4303317E+00,7.6717693E-01,5.8821726E-01,1.209132E+00,1.7263926E+00,1.4130937E+00,5.5622778E-01,1.7666853E+00,1.136342E+00,1.0546981E+00,2.0321687E+00,1.0086795E+00,8.1622192E-01,1.6454491E+00,1.3510436E+00,1.8168135E+00,1.4182199E+00,2.3461108E+00,1.5772206E+00,1.0167561E+00,1.3038867E+00,1.0051752E+00,1.1306286E+00,1.9063848E+00,1.9867792E+00,1.2194448E+00,2.0920028E+00,1.7855868E+00,2.2143429E+00,2.6234719E+00,-6.0205801E-01,-5.823929E-01,-8.4013819E-01,-1.4115271E+00,-1.3036277E+00,-1.2561206E-01,-1.2883188E+00,3.3090539E-01,-1.1722267E+00,-6.6484887E-01,-1.1317018E+00,-3.3442328E-02,-1.0777512E+00,-7.9629789E-01,1.7340493E-01,-8.3124302E-01,-4.8056904E-01,-4.5282431E-01,7.6791894E-02,-5.595014E-01,-4.8696618E-01,-5.7386694E-01,-5.4531774E-01,-9.3150711E-01,-7.1814144E-01,-1.1302302E+00,-1.346708E+00,-1.0330267E+00,-8.5060372E-01,-1.3217558E+00,-4.2175307E-01,-1.0300436E+00,-6.5146576E-01,-8.1487762E-01,-3.3824566E-01,-1.4223272E-01,-1.6228883E+00,-7.9138206E-01,-1.3063309E+00,-3.9105805E-01,-3.5810938E-01,-1.163435E+00,-4.0071116E-01,-4.0975972E-01,-7.2094741E-01,-3.3299027E-01,5.4820399E-01,-5.9622877E-01,-1.9067185E-01
2E+00,-5.4187618E-01,-1.016107E+00,-1.0799024E+00,-1.1856653E+00,-7.9245206E-01,-7.545928E-01,-5.7041218E-02,-4.3711047E-01,-1.071181E+00,-1.4760344E+00,4.7155477E-01,-1.3671025E+00,-6.0705672E-01,-4.8991875E-01,-4.5555956E-01,-1.2168338E-01,1.1616472E-01,-4.5235069E-01,-1.0259192E+00,-2.4586055E-01,-4.2968726E-01,-2.687588E-01,-2.634656E-01,-1.2946923E+00,-1.2626041E+00,-5.0661322E-01,-7.0429625E-01,-4.5876713E-01,-1.0284621E-01,-1.8754201E-01,3.1801101E-01,3.8033778E-01,-1.0167898E-01,9.5464948E-01,-6.6283014E-01,-4.8062778E-01,-7.7564941E-02,5.2292285E-01,3.0973786E-01,-4.6564938E-01,4.7058603E-01,-5.6522324E-01,-2.2816709E-01,-8.521383E-02,1.9281564E-01,1.7860352E+00,4.8155655E-01,1.0973496E+00,7.9399451E-01,1.2252601E+00,3.4783848E-01,1.0716023E+00,1.3115848E+00,4.6656292E-01,-5.8372926E-02,9.6954147E-01,6.994231E-01,1.2123711E+00,4.9644502E-01,5.4857089E-01,1.8987722E+00,1.3407996E+00,1.2230835E+00,2.5368313E+00,1.196893E+00,2.6652291E+00,1.1820102E+00,1.4287987E+00,3.0304417E+00,2.3991742E+00,2.3301131E+00,2.4316461E+00,2.0703542E+00,2.29497E+00,2.7239833E+00,-3.2644669E-01,-5.5558848E-01,-3.1433502E-01,-3.5673656E-01,-7.5114824E-01,-6.1599811E-01,-9.7979738E-02,1.5586988E-01,-1.3202342E+00,2.205874E-01,1.7990165E-01,6.6411391E-03,-9.2876149E-01,-9.1145413E-01,5.101775E-01,-5.9035572E-01,-3.7550026E-01,5.7876452E-01,-8.7096377E-01,-8.1125156E-01,-8.0150667E-01,-1.5256987E-01,-2.3639525E-01,-3.0726272E-01,-8.6733643E-01,-2.1329762E-01,-1.1290144E+00,-5.8603304E-01,-1.4825604E-02,-6.2851536E-01,-1.3924464E+00,-5.6504878E-01,-4.2840504E-01,-8.4980539E-01,-4.6236492E-01,-5.8155991E-01,-1.1812115E+00,-6.4298681E-01,-8.81281E-01,-8.9986539E-01,4.9549096E-02,2.7991316E-01,-8.3761424E-01,-1.9540295E-01,-1.3638201E-01,3.2298378E-01,-1.2331742E+00,-9.370792E-01,-1.0478414E+00,-5.6434825E-01,-3.1455899E-01,-1.1107676E+00,1.0526572E-01
1E+00,-1.9453272E+00,-1.4498402E+00,-1.4889456E+00,-1.8004841E+00,-2.3130602E+00,-1.7720853E+00,-2.1548821E+00,-1.3312254E+00,-2.2651396E+00,-1.8002112E+00,-1.5211081E+00,-2.3136114E+00,-1.561571E+00,-1.6647261E+00,-2.0304364E+00,-1.8441364E+00,-1.3269888E+00,-1.1846436E+00,-1.3397858E+00,-1.5957733E+00,-1.4135873E+00,-1.6941628E+00,-1.9501844E+00,-2.3001641E+00,7.4808219E-01,-5.7759913E-01,-4.2445897E-01,9.4431756E-01,2.9521697E-01,-1.4963383E-01,8.7551438E-01,9.0401134E-02,4.8625435E-01,1.2139845E-01,1.5967936E-01,2.8773209E-01,2.2582485E-01,8.4169322E-01,1.1893239E+00,-1.0440289E-01,6.8141151E-01,8.9665452E-01,1.3251152E+00,-6.9252989E-02,6.8924579E-01,-3.8613033E-02,4.1765376E-01,8.2191717E-01,4.5904512E-01,7.5300499E-01,3.8800275E-01,2.7517804E-01,9.4957264E-01,1.4344182E+00,3.2825712E-01,5.3519691E-01,-7.8509298E-02,7.7098689E-01,3.7113048E-01,6.5694497E-01,4.3312937E-01,1.3515205E+00,1.0818091E+00,6.3853277E-01,6.2464036E-01,8.320766E-01,1.0782965E-02,6.4650968E-01,1.3596977E-01,9.6289747E-01,1.1920667E+00,3.5138022E-01,1.1121026E+00,1.0753398E-01,3.4865793E-01,2.4445621E-01,8.1090089E-02,5.0982885E-01,8.557744E-01,7.8689226E-01,6.5935304E-01,5.9408489E-01,1.1141785E-01,2.2305162E-01,7.0180545E-01,-2.9958251E-01,5.2543812E-01,9.6316276E-01,4.5454673E-01,1.3857347E-02,2.6865177E-01,8.6404066E-01,4.0360503E-01,1.6291332E-01,6.7818835E-01,3.1607893E-01,8.3863274E-01,-1.5818773E-02,1.5086338E-01,3.3054018E-01,3.5294863E-01,-1.8754314E-02,2.3211064E-01,-3.2496165E-01,8.4210966E-01,5.7055189E-01,1.3407062E-01,2.7334854E-01,-4.6006644E-02,3.0515463E-01,9.4640847E-01,1.1022648E-01,4.6676175E-01,8.589856E-01,9.4712913E-01,3.9697047E-01,5.4327975E-01,7.7569365E-01,3.8997543E-01,-1.8036944E-01,5.5412087E-01,6.861262E-01,6.9061802E-01,6.2076416E-01,9.2600816E-01,-1.9410525E+00,-2.1112366E+00,-1.7680882E+00
2E+00,4.5628238E-02,-1.1299653E+00,-5.2060748E-01,-1.0671846E+00,-1.3322887E+00,-8.6241869E-01,-1.0303567E+00,-1.0694771E+00,-2.8594248E-01,-1.2188799E+00,-2.853232E-01,-2.6678976E-01,-2.3816393E-01,-5.2411757E-01,-9.1334663E-01,-1.4738832E+00,-5.042288E-01,-5.6962935E-01,-5.336179E-01,-3.9170401E-01,-8.8669402E-02,-2.4544549E-01,-4.8796857E-01,-1.0758748E+00,-7.7054165E-01,1.2178557E-01,-6.0312755E-01,-7.284997E-01,-9.6412858E-01,-1.4459043E+00,-3.6443777E-01,-7.8603573E-01,-5.7176608E-01,-5.3897736E-01,-3.758589E-01,2.3084154E-01,-5.0682053E-01,-6.4841152E-01,1.3500388E-01,5.1073524E-01,4.7938769E-02,3.0895249E-01,-5.311888E-02,7.806494E-02,1.0870625E-02,6.9882902E-01,2.8065694E-01,-3.9492122E-03,7.2663379E-01,-7.4015296E-01,-1.5465246E-01,4.9140966E-01,5.761071E-01,1.275402E+00,7.1603016E-01,6.9632866E-01,9.6027291E-01,2.1000276E-01,6.7644428E-01,4.4388457E-01,3.851856E-01,-1.3249307E-01,9.118359E-01,7.2345174E-03,1.4373747E+00,1.4877386E+00,8.7531103E-01,1.4269118E+00,1.3077878E+00,1.1626513E-01,8.9640734E-01,1.1792771E+00,1.6262948E+00,1.3844436E+00,1.7282625E+00,1.4194429E+00,2.2104051E+00,2.372559E+00,1.6112413E+00,1.3484733E+00,1.6273636E+00,1.7479702E+00,1.2611341E+00,2.5174891E+00,1.999826E+00,2.1478803E+00,2.1756302E+00,1.9429213E+00,2.6272376E+00,-7.6337419E-01,-7.2004567E-01,1.4862199E-01,-9.4812247E-01,-7.7018497E-01,-8.0356655E-01,-8.9302881E-01,-5.1130235E-01,-7.8322643E-01,-7.052524E-02,-4.8055259E-01,-1.1270017E+00,-1.2194503E+00,-6.0405221E-01,-8.0643776E-01,-7.2657274E-01,-4.621805E-01,-1.3699478E+00,-1.3697154E+00,-4.0403956E-01,-1.486923E+00,-4.1438953E-01,-8.7914767E-01,-5.0301729E-01,-6.0799031E-01,-4.7770134E-01,-1.3624718E+00,-1.0512259E+00,-3.3106141E-01,-2.962114E-01,-3.3196691E-01,4.6703546E-01,-3.2367753E-01,-1.7948851E-01,-2.449603E-01,-5.3901358E-05,-1.4092624E+00,-7.8151173E-01,-6.1823709E-01
2E+00,-4.1319747E-01,-4.0093457E-01,-4.8202739E-01,-1.4029714E+00,-1.6825953E+00,-8.8150431E-01,-9.6358359E-01,-9.7870607E-01,-1.3344809E+00,8.8190119E-02,-1.1303511E+00,-1.3037927E+00,-5.76292E-01,-8.0818222E-01,-7.6819006E-01,-7.0830676E-01,-6.3691403E-01,-1.0719855E+00,-1.2748177E+00,-1.514769E+00,-8.1623903E-01,-1.4044429E+00,-8.1263258E-01,-6.779068E-01,-8.6784401E-01,-1.4520855E+00,-1.2336377E+00,-5.6150592E-01,-3.6480873E-01,-3.5453427E-01,-1.3857061E+00,-5.0840131E-01,-1.3755098E+00,-3.6845643E-01,-5.430165E-01,-8.640374E-01,1.4820155E-01,-5.1513242E-01,2.5196776E-01,-2.9424833E-01,-9.4827573E-01,-8.5960674E-01,-9.363843E-01,-1.1543855E+00,-2.3640224E-01,-2.8693648E-01,-7.7107285E-01,-3.0860765E-01,-6.9329488E-01,-6.9876712E-02,1.2989544E-01,6.1579106E-01,-5.7197367E-01,-9.9318404E-01,3.3370436E-01,8.4557966E-02,1.959336E-02,2.0659802E-01,-1.4756448E-01,-5.7556637E-01,-1.3514154E-01,-9.8147428E-02,2.7927747E-01,4.1121266E-01,4.1672231E-01,5.1565615E-01,9.4625747E-01,6.1871638E-01,2.7102965E-01,3.4714263E-01,-2.3681671E-01,3.3968606E-01,3.9937201E-01,8.4288535E-01,1.0511599E+00,7.2297909E-01,2.2431286E-01,1.0912582E+00,1.3643937E+00,4.2165135E-01,8.7359049E-01,4.45605E-01,1.2442782E+00,1.2039461E+00,1.5692046E+00,-3.1901601E-01,4.7664286E-01,4.0016159E-01,8.8037228E-02,4.311388E-01,4.3583834E-01,1.0792415E+00,1.2254708E+00,2.5609709E-01,1.0462752E+00,7.2955283E-01,2.2377717E-01,1.1269495E+00,9.3494215E-01,1.6534828E+00,5.5810256E-01,1.7027505E+00,5.9558382E-01,2.0257352E+00,2.316542E+00,1.8348099E+00,1.0476474E+00,1.5634947E+00,3.8780193E-01,1.0953417E+00,1.5565849E+00,1.5888243E+00,1.4871899E+00,2.2218862E+00,1.9357958E+00,1.7167256E+00,2.3949241E+00,-1.6929596E+00,-1.3310577E+00,-8.3250778E-01,-4.5540408E-01,-1.1534846E+00,-1.8522449E+00,-1.1760238E+00,-1.0583777E+00,-4.1020933E-01,-1.0279812E+00,-5.4993385E-01
3E+00,-1.6591204E+00,-1.0013096E+00,3.4228684E-01,-1.2260096E+00,-1.731617E-01,-1.4114839E+00,-1.0705067E+00,-7.4977327E-01,-7.5264826E-01,-9.7470965E-01,-1.1844693E+00,-6.9375462E-01,-6.7208712E-01,-1.2442349E+00,-7.0470835E-01,-9.5562658E-01,-9.1030487E-01,-4.3087698E-01,-1.0729946E+00,-1.2600261E+00,-9.3508957E-01,-9.1345644E-01,-1.3167916E+00,-1.0782544E+00,-1.5473056E+00,-6.7088897E-01,-1.0557277E+00,-6.5481015E-01,-2.0693877E-01,-1.2182106E+00,1.7868648E+00,1.7425495E+00,2.0988358E+00,2.0024871E+00,3.0025799E+00,1.4125655E+00,1.7434457E+00,2.0627098E+00,1.7864975E+00,1.3317411E+00,1.7185832E+00,1.0693574E+00,1.2867001E+00,1.1863015E+00,6.741384E-01,1.1476622E+00,1.4843624E+00,1.2184323E+00,1.1450009E+00,1.0854779E+00,8.8456258E-01,1.5109734E+00,-1.8997935E-01,1.3140008E+00,1.146641E+00,1.3787721E+00,9.8934899E-01,3.6317805E-01,1.4748699E-01,5.8603606E-01,1.1854645E+00,7.5150078E-01,6.0514778E-01,4.7483316E-01,9.6107776E-01,5.2471365E-01,-1.5394245E-01,9.757418E-02,6.3112687E-01,1.5337559E-01,6.7497771E-01,5.197087E-01,7.8963056E-01,6.4324918E-01,9.5862338E-02,2.7340345E-01,6.9210055E-01,-3.9582223E-02,-1.358652E-02,6.181892E-01,2.9805155E-02,1.0828122E+00,-7.0401903E-02,1.2224032E+00,7.2660739E-01,-2.2053227E-02,2.3243226E-01,-1.1107236E-01,-6.5883041E-01,3.79001E-01,-1.7278053E-01,-2.248607E-01,-7.4141405E-01,-3.8774294E-01,-7.880681E-01,-7.098543E-01,-2.2755127E-01,-5.4368809E-01,7.4652367E-02,2.5284009E-01,-1.3793506E-01,-2.4304022E-01,-3.6089449E-01,-2.9082939E-02,-8.9519288E-01,-9.3695084E-01,-7.9568874E-01,-8.8363538E-01,-1.0457689E-01,-6.6085596E-01,-4.8169108E-01,-1.5252541E+00,-3.8765602E-01,-6.9985226E-01,-1.0019677E+00,-6.9697754E-01,-8.7524965E-01,-5.9231081E-01,-1.7025162E+00,-4.5125575E-01,-6.771613E-01,-1.0743789E+00,-1.0223796E+00,-3.4106597E-01,-1.5544E+00,-1.5166666E+00,1.1370846E-01,-1.0064522E+00
2E+00,-7.2535432E-01,-8.3786282E-01,-1.013462E+00,-4.6572995E-01,-1.6913581E+00,-8.9411332E-01,-9.4373184E-01,-2.7883962E-01,-1.5188553E+00,-1.5946845E+00,-1.3426236E+00,-1.1202842E+00,-8.0089137E-01,-6.5102328E-01,-2.4403606E-02,-5.291322E-01,-1.0417177E+00,-1.0352262E+00,-1.0563815E+00,-7.3985536E-01,-1.1202047E+00,-8.3886616E-01,-2.0842919E+00,-1.1412151E+00,-1.5929567E+00,-1.3744438E+00,-1.016551E+00,-1.6013184E+00,-1.4569079E+00,-1.1742737E+00,-6.6798999E-01,-5.7053875E-01,-1.0489678E+00,-9.6978764E-01,-4.4703656E-01,-1.2568505E+00,-7.2478729E-01,-6.7152077E-01,-3.9260961E-01,1.2830997E-01,-8.9664088E-01,-4.5800889E-01,-6.2077804E-01,-5.0049735E-01,-1.8065818E-01,-1.2714237E-01,-6.160817E-02,-5.2072738E-02,-1.4133932E-01,-3.9546165E-01,8.0395533E-02,-4.7998843E-01,-2.8367625E-01,-5.465356E-01,-5.2221725E-01,-6.5941612E-01,-1.5194648E-01,-1.3632256E-01,3.9282028E-01,4.159073E-01,2.7843832E-01,3.457043E-01,-6.2124093E-02,4.0884745E-01,3.8141793E-01,4.6863013E-01,4.6554928E-01,6.9734945E-02,7.2650576E-01,5.4255497E-01,1.7868992E-01,8.9392427E-01,7.4555567E-01,4.3463263E-01,7.5182315E-01,3.5094056E-01,1.203612E+00,8.5581929E-01,7.460659E-01,6.7014575E-01,1.3992954E+00,9.6070967E-01,8.159887E-01,7.8351466E-01,4.0912963E-01,1.1420575E+00,5.9886026E-01,8.0726121E-01,1.3148517E+00,1.285457E+00,6.4119749E-01,7.1836055E-01,1.0515327E+00,1.3008661E+00,1.0566809E+00,1.4653809E+00,1.242815E+00,1.1357449E+00,7.1885287E-01,7.7500503E-01,2.1568583E+00,1.4593949E+00,1.2590034E+00,1.5286297E+00,1.535528E+00,1.1469998E+00,2.3857362E+00,1.9051881E+00,1.3291557E+00,9.2590096E-01,2.2246126E+00,1.6397351E+00,1.4564805E+00,1.9931569E+00,8.7754649E-01,-1.0246523E+00,-6.9016316E-01,-1.4285253E+00,-8.3501556E-01,-4.2552528E-01,-1.8295292E-01,-1.0354717E+00,-4.272099E-01,-9.5864023E-01,-8.053724E-01,-8.015736E-01,-6.1244239E-01,-1.0228857E+00
2E+00,-1.4575411E+00,-6.6812559E-01,-1.1113596E+00,-3.4308432E-01,-7.0083609E-01,-1.6145191E+00,-3.2822282E-01,-1.147196E+00,-9.5955295E-01,-9.377379E-01,-1.1292483E+00,-7.7008233E-01,8.1621931E-02,-1.2981814E+00,-9.6523733E-01,-6.6715023E-01,-1.0982995E+00,-3.7828312E-01,-7.8065035E-01,-5.6298844E-01,-1.1533463E+00,-6.2034996E-01,-1.2457628E+00,-2.4021575E-01,-7.5377318E-01,-9.0916341E-01,-1.6005188E+00,-1.2602611E+00,-1.171491E+00,-1.463888E+00,-1.087752E+00,-5.9664738E-01,3.2937193E-02,-4.5434653E-01,-3.2232347E-01,8.0139129E-03,-5.5090489E-01,-1.7238794E+00,-7.1298755E-01,-9.7634314E-02,2.2275197E-01,-8.6164052E-01,-1.3924552E+00,5.6203106E-01,-4.0374644E-01,-2.9286028E-02,2.9781231E-01,-5.1739094E-02,-3.6795326E-02,3.8541702E-01,-3.0506179E-01,-2.0520501E-01,-5.0098755E-01,1.5997844E-01,7.3209654E-01,8.1884275E-01,-1.6115324E-01,-2.7289337E-01,-2.7449222E-02,5.8537765E-01,-1.5495009E-01,6.8361109E-01,-3.4046586E-01,3.9516676E-01,2.6171642E-01,2.6181406E-01,9.9616225E-01,4.53167E-01,3.8757066E-01,6.0823955E-02,1.0198022E+00,-1.2271553E-01,1.5830376E-01,3.3932986E-01,1.6558363E+00,7.0147368E-01,7.2580544E-01,1.0309625E+00,9.3795371E-01,1.0394302E+00,5.1814446E-01,1.1249994E+00,8.3485162E-01,1.5169668E+00,9.6716053E-01,1.3140115E+00,4.4839564E-01,4.0089484E-01,1.121328E+00,1.1704351E+00,1.6531723E+00,1.8671649E+00,1.7502219E+00,7.4047575E-01,1.5378773E+00,7.6780191E-01,1.1107052E+00,8.5943587E-01,1.4732797E+00,7.6201253E-01,1.9532444E+00,2.381494E+00,2.4813646E+00,1.4697867E+00,1.5986863E+00,2.0692537E+00,1.7300932E+00,1.9566998E+00,-1.0528683E+00,-2.3562602E-01,-5.467875E-01,-2.1907182E-01,-4.7746575E-01,-1.1039967E+00,-1.4644144E+00,-2.7332119E-01,-1.6609621E+00,-3.8858647E-01,-7.4768955E-01,-1.9461114E+00,-8.7893175E-01,-1.5384654E-01,-9.4347048E-01,3.9519147E-02,-1.3596074E-01,-7.1532283E-01,-7.1906618E-01,-1.2017011E+00
1E+00,-1.4113675E+00,-1.2082199E+00,-6.8190674E-01,-1.5045847E+00,-1.1234059E+00,-1.5287978E+00,-1.6484307E+00,-1.2315116E+00,-1.4515667E+00,-1.3356381E+00,-1.6126185E+00,-1.3361607E+00,-1.8873141E+00,-1.6757601E+00,-8.4046076E-01,-1.3367653E+00,-1.4637242E+00,-1.3090239E+00,-1.124379E+00,-1.2461759E+00,-1.6359913E+00,-1.4760013E+00,-1.27784E+00,-1.1442174E+00,-1.3992806E+00,-8.675101E-01,-1.4461691E+00,-1.9022045E+00,-1.530185E+00,3.253619E-01,4.6905359E-01,5.6519561E-01,7.1441974E-01,1.1041744E+00,6.1741658E-01,7.3910667E-01,8.1977592E-01,3.7175913E-01,7.9409006E-01,6.4908952E-01,8.0462467E-01,7.500539E-01,7.9710753E-01,5.9478091E-01,1.0009765E+00,6.8636799E-01,8.8010504E-01,6.1919345E-01,5.1698415E-01,7.5327167E-01,5.1981677E-01,4.340956E-01,7.2032439E-01,5.3427176E-01,3.9325538E-01,8.2401501E-01,7.4928136E-01,4.1138452E-01,7.3675419E-01,6.9275085E-01,3.9740874E-01,2.373315E-01,9.1243768E-01,6.2471944E-01,1.3460201E-01,1.3882167E+00,5.0618395E-01,6.9848485E-01,1.0043839E+00,5.4987661E-01,2.1493848E-01,1.9752758E-02,1.0356381E+00,4.7701775E-01,3.3124031E-01,4.3421295E-01,8.2222549E-01,7.6323335E-01,4.9930815E-02,4.5229249E-01,6.9135139E-01,6.2040726E-01,1.0793722E+00,6.1742048E-01,7.9464326E-01,5.6504975E-01,8.7384646E-01,6.4519732E-01,1.0577423E+00,8.543579E-01,6.9260713E-01,6.4256223E-01,9.4367932E-01,6.3229025E-01,5.2759599E-01,6.8830473E-01,8.2087486E-01,1.649365E+00,3.9503842E-01,6.8197352E-01,8.2732584E-01,9.9891334E-01,6.3845798E-01,3.610378E-01,1.477854E+00,7.8182392E-01,8.7852312E-01,2.7577444E-01,5.0566809E-01,9.0401424E-01,9.7859124E-01,1.293272E+00,9.7462806E-01,-1.4340929E+00,-6.300401E-01,-1.3681723E+00,-1.3837793E+00,-1.1988677E+00,-1.1725291E+00,-1.0685065E+00,-1.2353608E+00,-9.5246064E-01,-1.17055E+00,-1.5769658E+00,-1.7424691E+00,-1.1610456E+00,-9.6438276E-01,-1.3161164E+00
3E+00,-9.2710486E-01,-6.4851524E-01,-1.7287512E-01,-7.542555E-01,1.1078113E-01,-1.4103976E+00,-1.0463559E+00,-1.2347957E+00,-5.0582154E-01,-1.2502605E+00,-4.6382362E-01,-1.1837425E-01,-1.6425306E-01,-4.6862795E-01,-6.563887E-01,-1.1738252E+00,-1.2733796E+00,-2.1488055E-01,2.8086415E+00,2.4076774E+00,2.1105914E+00,2.4669613E+00,2.1726162E+00,1.0236364E+00,1.8294243E+00,1.3666233E+00,1.6083552E+00,2.2194736E+00,2.5227732E+00,1.3319243E+00,1.5967902E+00,1.801554E+00,1.6334803E+00,2.1201932E+00,6.4525149E-01,1.2115352E+00,1.8037851E+00,1.105054E+00,8.5773651E-01,1.3279825E+00,6.1713361E-01,1.4273792E+00,5.7586309E-01,1.181926E+00,1.7253645E+00,5.0129087E-01,9.3291178E-01,1.1783445E+00,-4.4062186E-01,6.4496214E-02,1.4703889E-01,8.4942907E-01,-5.718158E-02,1.4111945E-01,-3.3043323E-01,3.5933696E-02,-5.4716307E-02,1.031288E-01,-6.3526312E-02,-6.512401E-01,-6.4318833E-01,-4.8373921E-01,-2.4843316E-01,1.0235015E-01,7.13039E-02,-1.3911057E+00,-4.056473E-01,-5.809594E-01,-6.3221197E-01,-4.4700288E-02,-7.0307926E-01,2.7317813E-02,-2.1014471E-01,-7.9460852E-01,8.572185E-02,-3.2645735E-01,-1.4502813E-01,-3.5012787E-01,-2.1794026E-01,-3.2959185E-01,1.2845749E-01,-6.5713327E-01,-9.4942745E-01,-8.4301918E-01,-8.7619114E-01,1.2382749E-01,-1.2787519E+00,-7.8389721E-01,-1.1164041E+00,-5.0300273E-02,1.9320317E-01,-5.5090669E-02,-8.2713926E-01,-1.5861923E+00,-1.6512917E+00,-2.5974459E-01,-1.0058731E+00,-1.8364477E-01,-4.2933164E-01,-6.9848288E-01,-6.2211002E-01,-6.8543406E-01,-2.5245646E-01,-4.7334874E-02,-1.3660801E+00,-6.4679778E-01,-9.0700572E-01,2.4705217E-01,2.3509268E-02,-3.2746676E-02,-2.120457E-01,-1.0043928E+00,-3.3741455E-01,-2.5996141E-01,-3.3290546E-01,-1.2483982E+00,-3.7546476E-01,-2.7113862E-01,-9.5298771E-01,-1.024645E-01,-7.7803014E-01,1.1595386E-02,-7.9037813E-01,-5.1569789E-01,-1.1105685E+00,-8.728463E-01,1.2931092E-01,-1.4265778E-01
2E+00,-1.4516799E+00,-1.4452721E+00,-1.0735985E+00,-1.2672501E+00,-7.0065033E-01,-1.8999688E+00,-1.5817058E+00,-1.1126308E+00,-1.9280325E+00,-8.6083952E-01,-1.5228447E+00,-9.5691539E-01,-7.3204122E-01,-5.6823565E-01,-1.2497892E+00,-1.5412049E+00,-2.9799833E-02,-1.3522434E+00,-9.5515836E-01,-4.7155622E-01,-5.8745029E-01,-1.4159553E+00,-1.2875925E+00,-8.5261328E-01,-1.2192243E+00,-1.1469607E+00,-1.7564192E+00,-3.3326112E-02,-1.3752193E+00,-1.0021882E+00,-1.4044749E+00,-9.9252528E-01,-7.7984008E-01,-4.4051254E-01,-1.3200567E+00,-8.9838764E-01,-1.0173178E+00,-8.1983388E-01,-4.6342881E-01,-7.0963386E-01,-1.496482E+00,1.6532712E-02,-7.6396304E-01,-1.3328552E-01,-4.5463944E-01,-6.1871839E-01,-2.3258088E-01,1.0300657E-01,6.7268793E-01,-5.9236213E-01,-5.1069962E-01,-8.851248E-01,-3.0336034E-01,-6.9359809E-01,-2.9782516E-01,-7.6922482E-02,-8.9493707E-01,-1.4067783E+00,-3.3358023E-02,2.6341326E-01,2.7918919E-01,-7.2183903E-02,-4.2987596E-01,-4.5461915E-02,-1.1551774E+00,-1.7694081E-01,-4.6117575E-01,2.4090643E-01,-1.0769848E-01,2.9667178E-01,3.1851847E-01,9.7218367E-01,1.4435346E-01,7.7675192E-01,1.3435869E-01,3.3150148E-01,5.3017282E-01,5.547353E-01,9.9612201E-01,8.5624398E-01,7.7062292E-02,1.3712406E-01,6.5268908E-01,9.1076513E-01,8.8496379E-01,7.6587962E-01,8.0310314E-02,1.3553746E+00,8.1173041E-01,1.2362628E+00,7.6923799E-01,7.6003096E-01,1.0330856E+00,5.6723511E-01,7.2232941E-01,4.6095677E-01,1.7264386E-01,1.1218754E-01,9.6937029E-01,1.2961085E+00,1.2168816E+00,6.8894202E-01,4.5037272E-01,1.6727502E+00,1.5035008E+00,8.2119717E-01,1.1331489E+00,1.3969595E+00,1.4722824E+00,1.3292399E+00,2.2648234E-01,1.5700914E+00,1.4057299E+00,1.2636841E+00,6.3403971E-01,7.0702897E-01,7.716836E-01,1.1924778E+00,2.0396389E+00,2.1157507E+00,1.4989544E+00,1.5279886E+00,1.6889006E+00,1.8392142E+00,9.8446914E-01,1.229552E+00,8.3971068E-01,-4.1584243E-01
2E+00,-5.3445246E-01,-9.5435372E-01,-8.0671095E-01,-1.2468315E+00,-9.643141E-01,-1.2763088E+00,-4.257909E-01,-1.6539739E+00,-2.3964525E-02,-7.2056942E-01,-6.8575347E-01,-8.98673E-01,-3.2934309E-01,-1.2748655E-01,-1.1907929E+00,-4.5345929E-01,-6.4526752E-01,-1.0656805E+00,-1.1707628E+00,-1.1741661E+00,-1.0604769E+00,-1.8178742E-01,-1.5679436E+00,-1.2026326E+00,-9.2486201E-01,-8.2454917E-01,-4.4795245E-01,-5.7859294E-01,-7.4727689E-01,-8.0173649E-01,-1.041662E-01,-8.2388476E-01,-1.0478232E+00,-1.0747774E+00,-2.116211E-01,-2.1832959E-01,-4.1880088E-01,-3.6216037E-01,-9.0240589E-01,-2.8901674E-01,1.8643332E-01,-4.0946663E-01,-6.5047271E-01,-4.5441488E-01,-1.1389351E-01,-2.3384272E-01,-3.5574991E-01,4.2898649E-02,-3.3294606E-01,1.4298342E-01,-8.987124E-03,-6.173054E-01,4.4103692E-01,-1.7330465E-01,7.2361554E-01,-9.6600547E-02,2.2278917E-01,-2.3501687E-01,-6.4920345E-01,-1.4862423E-01,-1.9067196E-01,6.7644311E-01,4.5476014E-01,2.6264415E-01,1.0730434E+00,1.434311E+00,2.5411835E-01,6.8366818E-01,3.5172442E-01,6.3615562E-01,2.0832765E-01,9.5536928E-01,6.2506095E-01,1.3248817E+00,1.4984977E+00,4.6366632E-01,1.4486274E+00,1.1001674E+00,1.3802508E+00,1.8540192E+00,1.8953925E+00,1.2114755E+00,-4.1879382E-01,4.571799E-01,1.3182881E+00,1.0294162E+00,7.5239198E-01,6.796554E-01,1.8214433E+00,1.500847E+00,1.3801038E+00,1.2322127E+00,1.0090692E+00,2.2597204E+00,1.5351658E+00,9.6748659E-01,1.0935772E+00,1.7500689E+00,1.1729346E+00,1.0836669E+00,1.8194289E+00,1.0551609E+00,1.3133815E+00,2.2057614E+00,2.0762304E+00,1.9704763E+00,1.4070528E+00,-8.71952E-01,-1.0453352E+00,-1.5306803E+00,-5.4196988E-01,-3.9713981E-01,-1.3915764E+00,-9.7516211E-01,-8.8009998E-01,-8.6038397E-01,-8.4691661E-01,-6.2996574E-01,-1.1255683E+00,-9.760482E-01,-7.1271199E-01,-1.5341267E+00,-8.7642945E-01,-4.9989017E-01,-4.7217788E-01,-6.4063559E-01,-9.4263255E-01,-1.4629324E+00
1E+00,-1.0860401E+00,-1.1993047E+00,-1.1205787E+00,-1.196342E+00,-1.9522055E+00,-1.2724857E+00,-5.8827598E-01,-1.0469528E+00,-1.6139084E+00,-1.1719739E+00,-1.4139494E+00,-9.2861395E-01,-1.0448008E+00,-9.2143405E-01,-1.5816028E+00,-1.3650783E+00,-1.034428E+00,-1.7854559E+00,-1.2352466E+00,-1.386389E+00,-1.5531868E+00,-1.2215104E+00,-1.0011379E+00,-1.1816439E+00,-1.2276562E+00,-1.5200499E+00,-1.3457266E+00,1.0894583E+00,9.2482173E-01,5.4954441E-01,2.6508528E-01,9.7434897E-01,1.3471257E+00,7.0074693E-01,4.8237788E-01,7.1089283E-01,2.8998491E-01,4.1386545E-01,1.4348708E+00,6.0317123E-01,4.3136035E-01,4.4183325E-01,-1.0801411E-01,8.9241544E-01,5.778934E-01,2.5520178E-01,7.1199748E-01,8.3199552E-01,9.65456E-01,3.0815357E-01,9.4061035E-01,1.1764897E+00,1.1338659E+00,9.6003062E-01,1.378043E+00,1.0122556E+00,6.3538818E-01,2.2833405E-02,9.6524023E-01,8.7364367E-01,7.4033682E-01,9.7808731E-01,9.9425034E-01,6.4214015E-01,1.3323523E+00,1.0190053E+00,9.5613221E-01,9.3795271E-01,8.1969693E-01,8.7205438E-01,2.5787489E-01,7.8018204E-01,6.738747E-01,8.1724355E-01,3.6534344E-01,4.2070489E-01,7.1688325E-01,4.5373798E-01,9.0722904E-01,7.640276E-01,6.8000052E-01,5.5896261E-02,8.1799938E-01,8.3918009E-01,6.9545592E-01,1.350489E+00,3.9422792E-01,9.5245537E-01,5.3171127E-01,2.4643864E-01,1.9648507E-01,1.1246435E+00,5.800074E-01,6.0753531E-01,5.5907619E-01,7.0523947E-01,8.5897981E-01,7.8996608E-01,9.1860586E-01,9.6221154E-01,-6.8002807E-02,5.7405241E-01,6.1099787E-01,7.6679973E-01,9.5294254E-01,1.5433801E+00,5.1082746E-01,-1.110865E+00,-7.2600282E-01,-1.0787104E+00,-8.191732E-01,-1.3041076E+00,-1.3954518E+00,-6.6780916E-01,-1.5307483E+00,-1.5371718E+00,-1.1159438E+00,-7.0930114E-01,-1.3616049E+00,-1.5906629E+00,-1.1502034E+00,-1.220833E+00,-8.4515792E-01,-1.3918419E+00,-1.3635217E+00,-1.5272032E+00,-1.0520128E+00,-9.0539485E-01
1E+00,-1.6761689E+00,-1.8393631E+00,-1.8336474E+00,-1.9145249E+00,-1.7558387E+00,-1.0183235E+00,-1.1306754E+00,-1.310847E+00,-1.8164125E+00,-1.5676502E+00,-1.7090048E+00,-1.8381577E+00,-2.0375562E+00,-1.920577E+00,-2.0704954E+00,-1.2683563E+00,-1.9104731E+00,-2.3168621E+00,-1.9383861E+00,-1.693126E+00,-1.7763622E+00,-1.869454E+00,-1.5974441E+00,-1.5572653E+00,-2.0565471E+00,-2.010004E+00,-1.5307578E+00,-2.0165547E+00,1.0405238E+00,5.8608303E-01,8.38227E-01,4.491122E-02,1.4613207E-01,5.3872107E-01,-1.8984699E-01,3.5383571E-01,3.9271314E-01,2.3476025E-01,9.5123132E-01,2.7631157E-01,1.3113603E+00,-2.5559672E-01,2.0765827E-01,1.7435781E-01,-1.2017424E-01,-2.2322986E-01,1.2490056E+00,9.859258E-01,2.0327761E-01,1.1527532E+00,3.0661086E-01,7.6547755E-02,6.3545113E-01,8.9486513E-01,6.2037778E-01,-1.8845935E-01,-1.5196841E-01,3.3220122E-01,6.0249486E-01,5.1370361E-01,7.4781267E-01,3.8082105E-01,7.8298071E-01,4.4431085E-01,2.926942E-01,9.1868955E-02,-5.0514032E-02,1.2861439E+00,1.0828169E-01,8.0522684E-01,1.6815878E-01,5.0830141E-01,1.1735297E+00,5.6138322E-01,9.6692876E-01,2.3028482E-01,1.4215412E-01,3.4684179E-01,7.256266E-01,9.740705E-01,1.2369683E+00,3.5006262E-01,8.6337202E-02,4.2554094E-01,6.386707E-01,4.3673008E-01,3.2377344E-01,4.2363E-01,7.4518971E-01,9.3620573E-01,-2.0843484E-01,7.0140051E-01,2.1476109E-01,5.7929527E-01,4.1869057E-01,9.9133055E-01,6.5738846E-01,6.8445105E-01,6.9133326E-01,7.318944E-01,7.8324686E-01,4.1453156E-01,4.3872652E-01,6.1201751E-01,4.596104E-01,6.0621759E-01,2.8803009E-01,8.1143206E-01,6.1400665E-01,9.7197918E-01,1.0958187E+00,6.685207E-01,4.5076538E-01,3.9787657E-01,8.2967223E-01,-4.9899106E-01,-7.5780446E-02,6.8065495E-01,5.5315884E-01,5.8961712E-01,4.2792071E-01,3.1634488E-01,1.1403812E+00,8.5502323E-02,-7.4704775E-02,3.4936945E-01,5.9884996E-01,1.5316933E-01
3E+00,-1.3148891E+00,-1.3508606E+00,-5.7481938E-01,-7.1378316E-01,-1.7298737E+00,-1.1608359E+00,-1.4472945E+00,-8.6289368E-01,-6.7713836E-01,-4.8048624E-01,-1.3897807E+00,-8.3240864E-01,-4.7883842E-01,-1.1849746E+00,-1.254646E+00,1.3948421E-02,-5.5525262E-01,-8.1958545E-01,-4.3060757E-01,-3.6180528E-01,-6.9913679E-01,-4.6318072E-01,-1.0384395E+00,-8.7191076E-01,1.6235142E-01,-1.5517221E+00,-5.6442558E-01,-8.5008979E-01,-1.1442167E+00,1.5509345E+00,1.8843403E+00,1.519006E+00,1.4610599E+00,2.0417409E+00,1.72565E+00,1.6015916E+00,1.9628069E+00,1.3539424E+00,1.2229962E+00,1.7869775E+00,1.8441476E+00,1.478125E+00,1.0144086E+00,1.2597573E+00,1.5939116E+00,1.3652857E+00,1.0879677E+00,1.29133E+00,1.1279737E+00,8.0096498E-01,5.1743737E-01,8.071123E-01,1.8071121E+00,8.8469884E-01,7.6245922E-01,1.3536524E+00,3.3225248E-02,8.1856416E-02,8.0722973E-01,1.4575662E+00,6.6706767E-01,4.6667079E-01,1.4491513E+00,3.9552379E-01,1.3361334E+00,2.2754556E-01,7.1210972E-01,8.3755704E-01,7.2776525E-01,6.6757774E-01,1.0903951E+00,9.1787054E-01,6.8248621E-01,-8.617284E-01,2.3863958E-01,6.6677492E-01,-9.1671224E-01,-1.0973655E-01,4.9477458E-01,1.6561391E-01,5.077004E-01,1.9842167E-01,5.5070789E-01,3.2034168E-01,5.7957328E-01,4.6497222E-01,2.5546615E-01,1.8270159E-01,4.742114E-01,-1.1201658E+00,9.455293E-02,3.6385571E-01,-5.1991495E-01,-6.362482E-01,-5.0799654E-01,-1.0590444E+00,-9.4047199E-01,-3.1047233E-01,-7.6992268E-01,-1.6970389E-01,-7.5705092E-01,-1.2445363E+00,-6.7997309E-01,5.0044479E-02,-5.1713965E-01,-7.7069892E-01,-5.0092022E-01,-4.8101201E-01,-2.846106E-01,-6.284647E-01,-9.7608295E-01,-1.4588606E+00,-6.8271444E-01,-7.6352141E-01,-1.1142044E+00,-1.3590803E+00,-1.3662736E+00,-1.3409384E+00,-2.8836919E-01,-7.0969905E-01,-5.8787367E-01,-1.035496E-01,-1.4629593E+00,-1.2877872E+00,-1.8902547E-01,-1.5767386E+00,-8.3416965E-01,-7.5750669E-01
3E+00,-1.9092144E-01,-6.1605133E-01,-5.9802857E-01,-6.2544699E-01,-1.5250752E-01,-7.6632987E-01,-3.4225875E-01,-1.1039777E-01,2.1554996E-03,-7.836308E-01,-6.1089988E-01,1.0658067E-01,-8.1204476E-01,-3.5879075E-01,-8.1303783E-01,-7.0709442E-01,-3.8788188E-01,1.0734169E-01,-4.4572221E-01,-1.1672573E+00,-5.4807132E-01,-1.1710333E+00,-1.5631386E+00,-4.8156384E-01,-1.1722147E+00,-1.6866007E+00,-8.8472583E-01,-1.0229059E-02,2.8985263E+00,2.216239E+00,2.0179622E+00,2.41845E+00,1.40028E+00,1.7994363E+00,1.6969591E+00,2.28646E+00,1.6079591E+00,1.9805331E+00,1.5972157E+00,2.1084371E+00,2.630913E+00,3.2431299E-01,2.0039339E+00,1.375639E+00,1.6066234E+00,1.5629705E+00,1.0942488E+00,1.9989286E+00,6.3682814E-01,1.177158E+00,1.1316542E+00,3.8103701E-01,7.283275E-01,6.1278084E-01,7.2183866E-01,1.150952E+00,7.4654007E-01,2.6998879E-01,6.8519704E-01,9.1410808E-01,-1.5011308E-01,2.331992E-01,7.6261503E-01,-2.8149654E-01,-1.6896947E-01,-6.5266808E-02,5.5790055E-01,-4.9276568E-01,1.5904454E-01,-8.9862303E-02,-4.742977E-01,-3.1061278E-01,2.4008001E-02,-8.0645081E-01,-1.1585527E+00,-4.7445689E-01,-3.1188692E-01,2.1997567E-02,6.5298539E-01,-2.8635215E-01,-1.1408391E+00,-4.1045038E-01,-7.2595054E-02,-4.788452E-01,-9.5921241E-01,-5.1526047E-01,-1.0869169E+00,-7.8198175E-01,-1.3841975E-01,1.8141411E-01,-3.1050099E-01,-1.9336406E-01,-2.20193E-01,2.8395025E-01,-3.2612753E-01,4.9693344E-01,-1.4000541E+00,-5.2215619E-01,-4.8507168E-01,-8.4675052E-01,1.7722995E-01,-3.3219279E-01,-6.0240288E-01,-8.0517814E-01,4.8044171E-02,-3.02796E-01,1.9922383E-02,-1.1454434E+00,-4.4269311E-01,-1.9879833E-01,-6.7522525E-01,-1.347667E+00,-6.5174383E-01,-1.4385763E+00,-9.7053434E-01,-8.531605E-01,-1.6028965E-01,-3.6237155E-01,-1.6014369E+00,-9.5189057E-01,-9.6703176E-01,-5.3914716E-01,-1.0602374E+00,-8.6791273E-01,2.0378343E-01,-7.713976E-01,-3.3574265E-01,-4.7197176E-01
2E+00,-1.9181256E-01,-4.6090166E-02,-1.3652374E+00,-9.0739761E-01,-8.6673694E-01,-1.1901317E+00,-1.1332513E+00,-3.2619413E-01,-4.2989176E-01,-3.7947372E-01,-4.2582009E-01,-2.7383201E-01,-5.421093E-01,-7.9264571E-01,-7.3954924E-01,-3.9676505E-01,7.8820313E-01,-1.0095844E+00,-1.0214569E+00,2.6665859E-01,-4.0838054E-01,-1.0943337E+00,-9.2151321E-01,-4.6141375E-01,-1.1788893E-01,-8.0826569E-01,5.702656E-01,-9.3735109E-01,-1.2921794E-01,6.7218407E-01,3.0028264E-01,-2.2392035E-01,6.1306283E-02,2.7272979E-01,7.6057262E-01,-4.2186567E-01,1.0589795E+00,7.2578815E-01,7.9048674E-01,-3.2118388E-02,3.5129577E-01,1.1415081E+00,1.5705084E-01,8.9759319E-01,5.7408278E-02,1.0024135E+00,1.6678456E-01,5.7125101E-01,1.3613683E+00,8.2747445E-01,7.3193346E-01,1.1546761E+00,2.0413699E+00,1.6272471E+00,9.1700658E-01,7.9848527E-01,7.7550279E-01,2.1892254E+00,1.6797414E+00,1.6028206E+00,1.587114E+00,1.9705002E+00,2.6496256E+00,2.7540968E+00,2.8258981E+00,1.2836761E+00,1.4381469E+00,2.6800459E+00,2.131806E+00,2.8742301E+00,-2.4159697E-01,-6.3133376E-01,2.314321E-01,-7.2163753E-01,-1.3465191E+00,-5.5111404E-01,-1.406778E-01,-5.0672355E-01,-2.9921359E-01,-4.4019218E-01,-1.946737E-01,-1.1049204E+00,-1.0818245E+00,-6.0656119E-01,-1.8230952E-02,-1.1479007E+00,-5.1634604E-01,-6.0850863E-01,-1.6648775E-01,2.2935373E-01,4.7883145E-01,-1.348509E+00,-5.9054764E-01,-9.8594824E-01,-1.4470652E+00,-3.0716834E-01,-5.1015645E-01,-8.1438692E-01,-1.2271946E-01,-5.452598E-01,-6.7938894E-01,-1.1722303E+00,-5.7147522E-01,-4.000541E-02,-8.270847E-01,3.5827969E-02,-8.1619452E-01,-1.4790771E+00,-3.120171E-01,-1.6361039E-01,-8.755673E-03,-9.703171E-01,-1.1436149E+00,-1.4764036E-01,-8.4466755E-01,-2.9179904E-01,-6.2226572E-01,1.125952E-02,-4.7271566E-01,-3.4503809E-01,-5.2733174E-01,9.4133187E-02,-7.6664229E-01,-7.9881009E-01,-7.4040718E-01,7.9962035E-02,-6.4473853E-01,-6.9925319E-01
3E+00,-1.8049272E-01,-9.8893115E-01,-3.0170209E-01,-4.7536458E-01,-1.1352694E+00,-5.7289223E-02,-1.0255147E+00,-3.5605223E-01,-1.5512765E+00,-6.2007436E-01,5.2447554E-02,-9.3545785E-01,1.8916504E-01,3.2050584E-02,-7.0081844E-01,-4.4100229E-01,-1.2125231E+00,-9.5469813E-01,-1.2730096E+00,-2.2575075E-01,-2.3167118E-01,-7.2648984E-02,-1.1073248E+00,-9.8843268E-01,-5.1095916E-01,-1.2916625E+00,1.9794876E+00,2.0700134E+00,1.0395554E+00,2.1136449E+00,1.5694374E+00,1.8155671E+00,1.9137555E+00,2.2225243E+00,1.1951803E+00,1.5397679E+00,2.0773155E+00,1.8811179E+00,2.101956E+00,1.1460387E+00,1.4100143E+00,2.7351157E+00,1.7063369E+00,1.1589091E+00,1.2234244E+00,1.1480847E+00,1.4269333E+00,1.0098808E+00,2.979778E-01,1.165856E+00,1.4423254E+00,6.4762357E-01,1.5802814E+00,1.3805082E+00,2.4018415E-01,-2.5211067E-01,2.2993742E-01,9.6750387E-01,4.7643634E-01,8.2683125E-01,1.0169161E+00,2.5028391E-01,7.8469542E-01,3.1103807E-01,5.0064757E-01,-1.5492703E-02,5.8123767E-01,1.7356139E-01,3.819802E-01,-6.1986538E-01,-4.0260496E-01,1.8382095E-02,-8.7388409E-01,-4.4792596E-01,-5.0871366E-01,-1.905825E-01,-8.0908417E-01,-1.4856297E+00,-6.3985083E-03,-6.0871124E-01,-1.0593947E+00,-5.3277455E-01,-2.8891723E-01,-2.9350139E-01,-4.8152098E-01,8.3014809E-03,-1.2306698E-01,-2.2365607E-01,-1.1988651E+00,-9.3456559E-01,-4.8339757E-01,-9.6904932E-01,-1.3685497E+00,-2.1265341E-01,-1.464681E+00,-2.0045652E+00,-9.8808145E-01,-5.6924622E-01,-8.939485E-01,-2.5888061E-01,-5.2860515E-01,2.2083703E-01,-9.2888178E-01,5.4073917E-01,-9.377794E-01,-6.4957941E-01,-9.9414082E-01,-4.6471923E-01,-5.753051E-01,-5.5556299E-01,-1.369316E-01,-8.3849085E-01,-7.7773196E-01,-3.0341656E-01,-6.5031051E-01,-8.9793295E-01,-3.4821985E-01,5.8047295E-02,-1.483386E+00,-1.9411628E-01,-6.8419541E-01,4.0438718E-01,-2.5844245E-01,-1.3923151E-01,-7.9976687E-01,1.9759525E-02,-9.4213238E-01,1.3120739E-02
3E+00,-2.6588817E-01,1.3127942E-02,-1.0288614E+00,-1.0901081E+00,-1.8820585E+00,-5.655942E-01,-2.6894619E-01,-9.9572492E-01,-5.9731892E-01,-1.6351115E+00,-8.039498E-02,-3.5296478E-01,-9.7863246E-01,-9.3836275E-01,-7.9700427E-01,-1.0378784E+00,-2.2083545E-01,-7.5256594E-01,-3.4790408E-01,-5.4974584E-01,-8.3989395E-01,1.6577557E-01,-8.2058959E-01,1.7043701E-01,-1.9562305E-01,-1.6771651E-01,-1.8689042E-02,-1.8193545E+00,-5.6133501E-01,-2.603243E-01,1.0102741E+00,1.9958148E+00,2.0689189E+00,1.3137435E+00,2.7682704E+00,3.0074897E+00,2.4813077E+00,1.6712791E+00,1.8451293E+00,1.5379286E+00,2.5794682E+00,1.7858915E+00,7.7811844E-01,1.4365508E+00,1.3661197E+00,9.8004482E-01,1.5519894E+00,1.5791769E+00,1.0407761E+00,7.8035092E-01,1.2770931E+00,1.6370519E+00,5.7035135E-01,1.2229991E+00,1.1538672E+00,6.4676806E-01,9.7953963E-01,4.8625305E-01,5.0274601E-01,4.7396303E-01,7.9208774E-01,1.0965073E+00,1.7735374E-01,-2.494343E-02,7.4715056E-01,-6.2621086E-01,7.5458571E-01,-1.1655055E-01,3.5544912E-01,4.1967301E-01,7.2632371E-01,5.0084305E-02,4.5298782E-01,2.426207E-01,7.7408957E-01,-6.4985553E-01,-1.0383237E+00,1.0781157E-02,-7.2816293E-01,2.3004206E-01,-1.3793002E-01,1.6797384E-01,5.3609531E-01,-5.6608557E-01,-9.7945765E-01,-5.5974456E-01,-7.3210933E-01,-6.1343642E-01,-1.1595175E+00,-1.1583087E+00,-2.4266225E-01,-4.1708849E-01,-1.2098648E-01,-9.1364668E-01,-8.8291291E-01,-6.1192441E-01,-9.4525603E-01,-5.7688672E-01,-9.1880831E-01,-8.799629E-01,-6.8048441E-01,-1.1576903E+00,-9.8941468E-01,-5.0845053E-01,-5.3246682E-01,-5.4940746E-02,-1.4022523E+00,-3.9745335E-01,-6.2297756E-01,1.0150523E+00,-9.8007014E-01,-4.1298103E-01,4.458699E-03,-1.1164402E-01,-2.2657036E-03,-2.210145E-01,-5.582054E-01,-6.7453391E-01,-5.3106131E-01,-9.5256615E-01,-4.3097339E-01,-7.367405E-01,-6.7087228E-01,-6.692318E-01,-1.3499637E+00,-4.0554432E-01,-9.3063204E-01,-7.7730274E-01
1E+00,-9.9331525E-01,-8.6941944E-01,-3.4513531E-01,-9.9690263E-01,-1.7425352E+00,-1.5874918E+00,-1.3256724E+00,-1.4403564E+00,-1.2479575E+00,-1.1284271E+00,-1.2283801E+00,-1.5300386E+00,-1.1232394E+00,-7.4055674E-01,-1.1127213E+00,-1.3592374E+00,-9.6512871E-01,-1.1010116E+00,-9.5559012E-01,-8.9125053E-01,-1.7253304E+00,-8.0204541E-01,-9.0679733E-01,-1.1915468E+00,-8.1674442E-01,-8.8905732E-01,-8.2516196E-01,-1.4472326E+00,6.910064E-01,6.8858377E-01,5.8366106E-01,8.5555986E-01,1.1030254E+00,1.2583014E+00,1.1672337E+00,9.1549682E-01,5.2948368E-01,8.2609106E-01,1.0162801E+00,8.9997316E-01,9.2021327E-01,6.2249335E-01,3.4791477E-01,8.3031441E-01,1.1259322E+00,8.9458992E-01,1.0507245E+00,8.7218722E-01,1.0804476E+00,1.2956721E+00,5.3001033E-01,5.1094571E-01,5.403258E-01,1.2226683E+00,1.1324517E+00,6.5389235E-01,1.0042315E+00,4.8009269E-01,8.4074081E-01,1.5652768E+00,8.2850945E-01,1.0977412E+00,1.0064765E+00,8.1694658E-01,5.472651E-01,2.890393E-01,7.7089542E-01,6.3850346E-01,5.1423648E-01,1.1087905E+00,6.4572451E-01,9.5856423E-01,1.0223428E+00,7.961917E-01,1.0128395E+00,1.4103904E+00,4.2841327E-01,6.9654772E-01,7.1962016E-01,4.1732416E-01,8.8260555E-01,1.1400573E+00,1.587843E+00,1.3297604E+00,1.251566E+00,5.5293607E-01,1.1342261E+00,1.2679424E+00,8.3754173E-01,1.1141439E+00,4.057268E-01,1.1670415E+00,3.2157638E-01,3.8995827E-01,6.8733026E-01,8.5897314E-01,1.5531322E+00,-7.4530347E-01,-1.0565726E+00,-7.1709464E-01,-9.7293723E-01,-1.2045143E+00,-1.1297703E+00,-1.0605064E+00,-8.3042165E-01,-9.17643E-01,-8.4730283E-01,-7.9779742E-01,-1.6820651E+00,-6.8949721E-01,-1.0339823E+00,-8.908132E-01,-6.4021358E-01,-8.4529122E-01,-1.0201387E+00,-4.0586891E-01,-7.3054385E-01,-1.1521869E+00,-8.5923243E-01,-1.0586327E+00,-1.1725252E-01,-1.2548128E+00,-4.8167128E-01,-1.2181962E+00,-1.2254463E+00,-1.1708605E+00,-1.3251094E+00,-8.9458237E-01