﻿ID,status
1636-69-001,diabetic
1636-69-001-2,diabetic
1636-69-026,pre-diabetic
1636-69-028,non-diabetic
1636-69-032,pre-diabetic
1636-69-035,non-diabetic
1636-69-048,non-diabetic
1636-69-053,non-diabetic
1636-69-060,non-diabetic
1636-69-064,non-diabetic
1636-69-069,non-diabetic
1636-69-090,pre-diabetic
1636-69-091,diabetic
1636-69-100,non-diabetic
1636-69-104,non-diabetic
1636-69-104-2,non-diabetic
1636-69-107,non-diabetic
1636-69-111,non-diabetic
1636-69-114,pre-diabetic
1636-69-123,non-diabetic
1636-70-1002,non-diabetic
1636-70-1003,non-diabetic
1636-70-1005,pre-diabetic
1636-70-1008,non-diabetic
1636-70-1010,pre-diabetic
2133-001,non-diabetic
2133-002,non-diabetic
2133-003,non-diabetic
2133-004,diabetic
2133-006,non-diabetic
2133-007,non-diabetic
2133-008,non-diabetic
2133-009,non-diabetic
2133-010,non-diabetic
2133-011,non-diabetic
2133-012,non-diabetic
2133-013,non-diabetic
2133-015,pre-diabetic
2133-017,pre-diabetic
2133-018,diabetic
2133-019,pre-diabetic
2133-019-2,pre-diabetic
2133-020,non-diabetic
2133-021,pre-diabetic
2133-022,non-diabetic
2133-023,non-diabetic
2133-024,pre-diabetic
2133-025,non-diabetic
2133-026,non-diabetic
2133-027,pre-diabetic
2133-028,non-diabetic
2133-030,non-diabetic
2133-032,non-diabetic
2133-033,non-diabetic
2133-035,pre-diabetic
2133-036,pre-diabetic
2133-037,non-diabetic
2133-039,diabetic
2133-040,non-diabetic
2133-041,non-diabetic
2134,NA